Subscribe,Подписаться
Large,Большие
Search,Поиск
"Sign up",Зарегистрируйтесь
World,Мир
U.S.,США
Technology,Технология
Design,Дизайн
Culture,Культура
Business,Бизнес
Politics,Политика
Opinion,Отзыв
Science,Наука
Health,Здоровья
Style,Стиль
Travel,Путешествия
"Title of a longer featured blog post","Название фигурирует больше в блоге "
"Multiple lines of text that form the lede, informing new readers quickly and efficiently about what’s most interesting in this post’s contents.","Несколько строк текста, которые формируют Лида, информируя быстро и качественно новых читателей о том, что наиболее интересные в содержании этого поста."
"Continue reading...","Продолжить чтение..."
"Featured post","Лучший пост"
"Nov 0","Ноября 0"
"This is a wider card with supporting text below as a natural lead-in to additional content.","Это более широкое карта с поддержкой текста ниже в качестве естественного привести к дополнительным материалам."
"Continue reading","Продолжить чтение"
Placeholder,Заполнитель
Thumbnail,Эскиз
"Post title","Заглавный пост"
"From the Firehose","От знакомый"
"Sample blog post","Образец записи блога"
"January 0, 0 by","0 января, 0 по"
Mark,Марк
"This blog post shows a few different types of content that’s supported and styled with Bootstrap. Basic typography, images, and code are all supported.","Этот блог показывает несколько различных типов контента, который поддерживается и оформлены с Bootstrap. Основная типографика, изображения, и код все поддерживается."
"Cum sociis natoque penatibus et magnis","Диплом sociis natoque penatibus Эт магнис"
"dis parturient montes","Дис отелившаяся Монтес"
", nascetur ridiculus mus. Aenean eu leo quam. Pellentesque ornare sem lacinia quam venenatis vestibulum. Sed posuere consectetur est at lobortis. Cras mattis consectetur purus sit amet fermentum.",", nascetur школьника МУЗ. Aenean EU Лев Квам. Избиения ornare семь лациния Квам venenatis преддверия. СЭД Миннеаполис posuere есть в макроэкономическая. Кра Маттис Миннеаполис пурус сидеть Амет любого fermentum.."
"Curabitur blandit tempus porttitor.","Curabitur blandit Tempus в porttitor."
"Nullam quis risus eget urna mollis","Nullam магазина рисус егет Моллис урненском "
"ornare vel eu leo. Nullam id dolor id nibh ultricies vehicula ut id elit.","ornare Вэл ЕС Лео. Nullam ID на долор идентификатор жилая площадь организации и избрании нового руководства vehicula ут идентификатор элит."
"Etiam porta","Etiam порта"
"sem malesuada magna","семь malesuada Магна"
"mollis euismod. Cras mattis consectetur purus sit amet fermentum. Aenean lacinia bibendum nulla sed consectetur.","euismod Моллис. Кра Маттис Миннеаполис пурус сидеть Амет любого fermentum.. Aenean лациния Бибендум нет Миннеаполис СЭД."
Heading,Заголовок
"Vivamus sagittis lacus vel augue laoreet rutrum faucibus dolor auctor. Duis mollis, est non commodo luctus, nisi erat porttitor ligula, eget lacinia odio sem nec elit. Morbi leo risus, porta ac consectetur ac, vestibulum at eros.","Vivamus sagittis lacus Вэл augue laoreet взгляд долор auctor faucibus. Моллис УДО, есть номера commodo предполагаемое luctus, Ниси erat porttitor язычком, егет лациния одио ФЭУ NEC элит. Морби Лев рисус, порта переменного тока Миннеаполис переменного тока, преддверия в Эрос."
Sub-heading,"В рубрике"
"Cum sociis natoque penatibus et magnis dis parturient montes, nascetur ridiculus mus.","Диплом sociis natoque penatibus Эт магнис Дис роженицы Монтес, nascetur школьника МУЗ."
"Example code block","Пример кода блока"
"Aenean lacinia bibendum nulla sed consectetur. Etiam porta sem malesuada magna mollis euismod. Fusce dapibus, tellus ac cursus commodo, tortor mauris condimentum nibh, ut fermentum massa.","Aenean лациния Бибендум нет Миннеаполис СЭД. Etiam порта и sem malesuada Magna в Моллис euismod. Fusce dapibus, tellus В переменного тока курсус commodo, политика системы Mauris condimentum жилая площадь, ут любого fermentum. масса."
"Cum sociis natoque penatibus et magnis dis parturient montes, nascetur ridiculus mus. Aenean lacinia bibendum nulla sed consectetur. Etiam porta sem malesuada magna mollis euismod. Fusce dapibus, tellus ac cursus commodo, tortor mauris condimentum nibh, ut fermentum massa justo sit amet risus.","Диплом sociis natoque penatibus Эт магнис Дис роженицы Монтес, nascetur школьника МУЗ. Aenean лациния Бибендум нет Миннеаполис СЭД. Etiam порта и sem malesuada Magna в Моллис euismod. Fusce dapibus, tellus В переменного тока курсус commodo, политика системы Mauris condimentum жилая площадь, ут любого fermentum. масса Хусто сидеть Амет рисус."
"Praesent commodo cursus magna, vel scelerisque nisl consectetur et.","Praesent commodo курсус ""Магна"", ООО ""нисл"" scelerisque Миннеаполис Эт."
"Donec id elit non mi porta gravida at eget metus.","Донец ID элит не ми Porta беременность на eget метус."
"Nulla vitae elit libero, a pharetra augue.","Нет витае элит либеро, а pharetra augue."
"Donec ullamcorper nulla non metus auctor fringilla. Nulla vitae elit libero, a pharetra augue.","Донецька ullamcorper нет номера метус auctor fringilla. Нет витае элит либеро, а pharetra augue."
"Vestibulum id ligula porta felis euismod semper.","Преддверия идентификатор лигулы порта euismod Фелис Семпер."
"Maecenas sed diam eget risus varius blandit sit amet non magna.","Меценат СЭД диам егет рисус Вариус blandit сидеть Амет номера Магна."
"Cras mattis consectetur purus sit amet fermentum. Sed posuere consectetur est at lobortis.","Кра Маттис Миннеаполис пурус сидеть Амет любого fermentum.. СЭД Миннеаполис posuere есть в макроэкономическая."
"Another blog post","Еще один блог"
"December 0, 0 by","0 декабря 0 по"
Jacob,Джейкоб
"New feature","Новая функция"
Chris,Крис
Older,Старше
Newer,Новые
About,О
Archives,Архивы
"March 0","Марта 0"
"February 0","Февраля 0"
"January 0","Января 0"
"December 0","0 декабря "
"November 0","Ноября 0"
"October 0","0 октября "
"September 0","0 сентября "
"August 0","0 августа "
"July 0","0 июля "
"June 0","Июня 0"
"May 0","Может 0"
"April 0","0 апреля "
Elsewhere,"В другом месте"
GitHub,"На GitHub"
Twitter,Твиттер
Facebook,Facebook
"Blog template built for","Шаблон блога, построенный для"
Bootstrap,Бутстрап
by,по
@mdo,@МДО
"Back to top","Вернуться к началу"
English,Английский
Русский,Русский
Українська,Українська
