"Translate example","Приклад перевести "
"Project name","Назва проекту "
Home,Вдома
"About us","Про нас"
Contacts,Контакти
"Fish text, meet!","Риба текст, відповідати!"
"The participation of specialists in the formation of forms of development. Thus, participation in the formation of positions occupying positions in relation to assigned tasks. A diverse and rich experience.","Участь фахівців у формуванні форм розвитку. Таким чином, участь у формуванні позицій, займаючи позиції щодо поставлених завдань. Різноманітний і багатий досвід."
"Comrades! participation in the formation of appropriate conditions for activation. They require progressive development. Interesting practice shows that the models are interesting. Interesting experiments show progress in development. A diverse and rich experience of constant quantitative growth and the scope of our activity plays an important role in shaping the existing financial and administrative conditions.","Товариші! участь у формуванні відповідних умов для активації. Вони вимагають прогресивного розвитку. Цікава практика показує, що моделі цікаві. Цікаві досліди показують прогрес у розвитку. Різноманітний і багатий досвід постійний кількісний ріст і сфера нашої активності відіграє важливу роль у формуванні існуючих фінансових та адміністративних умов."
"The new organizational model is an interesting experiment in testing new proposals. Structures and assessments make it possible to assess the significance of existing financial and administrative conditions. Everyday practice shows that the constant outreach support of our activities adequately determines the creation of positions held by participants in relation to the tasks assigned. Participation of specialists in the formation of positions holding positions in relation to assigned tasks. Likewise, the constant outreach to our business is an interesting experiment in verifying the relevant conditions for activation.","Нова організаційна модель являє собою цікавий експеримент у тестуванні нових пропозицій. Структури і оцінки дозволяють оцінити значення наявних фінансових та адміністративних умов. Повсякденна практика показує, що постійне інформаційно-пропагандистської підтримки нашої діяльності, адекватно обумовлює створення позицій, займаних учасниками щодо поставлених завдань. Участь фахівців у формуванні позицій, які займають посади щодо поставлених завдань. Аналогічно, постійне інформаційно-роз'яснювальної роботи з Наш бізнес являє собою цікавий експеримент перевірки відповідних умов активізації."
"Tasks play an important role in the formation of appropriate conditions for activation. Training requires the identification and refinement of development models. Constantly outreach support for our activities allows us to perform important tasks in developing development models. Thus, the further development of various forms of activity is an interesting experiment in testing development models. Implementation and modernization of mass participation systems. However, formal activity plays an important role in the formation of forms of development.","Задачі відіграють важливу роль у формуванні відповідних умов для активації. Навчання вимагає визначення і уточнення моделі розвитку. Постійно інформаційне забезпечення нашої діяльності дозволяє виконувати важливі завдання по розробці моделі розвитку. Таким чином, подальший розвиток різних форм діяльності являє собою цікавий експеримент перевірки моделі розвитку. Впровадження та модернізації систем масового участі. Однак, формальна активність відіграє важливу роль у формуванні форм розвитку."
"Experimental verification of compliance with activation conditions. The structure of the organization allows us to assess the importance of mass participation systems. The varied and rich experience in implementing experimental planning targets is an interesting experiment in testing systems of mass participation. An interesting experimental test of mass participation systems.","Експериментальна перевірка дотримання умови активації. Структура організації дозволяє оцінити значення систем масового участі. Різноманітний і багатий досвід у здійсненні експериментальної планових завдань являє собою цікавий експеримент перевірки систем масового участі. Цікавий експериментальної перевірки систем масового участі."
Reviews,Коментарі
"We have 10 reviews","Ми маємо 10 коментарів"
"We have 20 reviews","Ми маємо 20 відгуки"
"We have 13 reviews","У нас 13 коментарів"
Navigation,Навігація
Head,Голова
Information,Інформація
Other,Інші
Water,Води
Salt,Сіль
"Company 2013","Компанія 2013"
"We have 0 reviews","У нас є 0 коментарів"
"Company 0","Компанія 0"
"[[Hello word]]","[[Привіт слово]]"
"[[Currency pairs]]",[[Пар]]
"Hello word 0","Привіт слово 0"
"© Company 0"," Компанія © 0"
